Time,Current,Voltage
201.00,0.55,124.67
402.00,0.36,125.91
603.00,0.17,125.74
804.00,0.74,125.18
1005.00,0.17,125.37
1206.00,0.55,124.55
1408.00,-0.01,125.91
1609.00,0.74,125.51
1810.00,-0.20,125.73
2011.00,0.74,125.84
2212.00,0.17,124.85
2413.00,0.17,125.25
2614.00,0.36,125.18
2816.00,0.93,125.99
3017.00,0.74,124.78
3218.00,-0.20,124.87
3419.00,-0.01,125.70
3620.00,0.93,125.43
3821.00,-0.01,125.98
4022.00,0.55,125.34
4224.00,-0.01,125.34
4425.00,0.55,125.30
4626.00,-0.01,124.66
4827.00,-0.01,125.29
5028.00,0.17,125.23
5229.00,-0.01,125.51
5430.00,0.17,125.79
5632.00,0.74,125.47
5833.00,-0.01,125.19
6034.00,0.17,123.81
6235.00,0.74,125.54
6436.00,0.17,125.15
6637.00,0.17,124.85
6838.00,0.17,125.76
7040.00,0.74,124.69
7241.00,0.36,125.69
7442.00,0.17,125.68
7643.00,0.74,124.78
7844.00,-0.20,125.19
8045.00,0.17,125.16
8246.00,-0.20,125.12
8448.00,-0.20,125.55
8649.00,-0.57,125.70
8850.00,-0.57,124.75
9051.00,-0.01,125.48
9252.00,0.17,124.42
9453.00,0.36,125.50
9654.00,0.55,124.06
9856.00,-0.01,125.91
10057.00,0.17,125.00
10258.00,1.11,125.03
10459.00,-0.20,125.83
10660.00,0.17,124.92
10861.00,-0.20,125.89
11062.00,0.36,124.90
11264.00,-1.32,125.08
11465.00,-0.20,124.66
11666.00,0.74,124.65
11867.00,0.17,124.67
12068.00,1.68,124.58
12269.00,0.93,125.51
12470.00,1.30,124.11
12672.00,1.30,123.30
12873.00,0.36,125.19
13074.00,1.11,125.26
13275.00,-0.95,125.20
13476.00,-0.57,123.93
13677.00,-1.14,124.55
13878.00,-0.39,124.66
14080.00,-0.20,125.46
14281.00,0.55,124.69
14482.00,0.36,125.00
14683.00,1.30,124.33
14884.00,0.74,125.23
15085.00,0.55,125.16
15286.00,1.49,125.24
15488.00,0.55,125.41
15689.00,0.93,124.87
15890.00,-0.01,125.26
16091.00,-0.01,124.80
16292.00,-0.76,125.25
16493.00,-1.32,125.29
16694.00,0.17,126.05
16896.00,-0.57,125.34
17097.00,0.17,125.54
17298.00,0.36,124.21
17499.00,-0.20,125.03
17700.00,-0.20,125.16
17901.00,0.36,124.42
18102.00,0.93,125.24
18304.00,0.55,124.84
18505.00,0.93,124.99
18706.00,0.55,124.61
18907.00,-0.20,125.68
19108.00,0.17,124.54
19309.00,-0.20,125.46
19510.00,-0.01,124.83
19712.00,-0.57,125.02
19913.00,0.36,124.16
20114.00,-0.20,125.68
20315.00,1.11,125.77
20516.00,1.11,125.06
20717.00,-0.01,125.73
20918.00,-0.20,125.27
21120.00,0.36,124.49
21321.00,0.36,124.89
21522.00,0.74,124.59
21723.00,-0.20,126.84
21924.00,-0.20,125.59
22125.00,0.36,125.24
22326.00,-0.01,125.15
22528.00,-0.57,124.92
22729.00,0.55,124.54
22930.00,-0.39,126.33
23131.00,0.74,124.72
23332.00,0.17,125.61
23533.00,0.36,123.84
23734.00,-0.20,125.37
23936.00,0.17,124.66
24137.00,0.17,125.95
24338.00,0.36,124.71
24539.00,-0.20,125.07
24740.00,0.55,124.80
24941.00,-0.20,124.43
25142.00,-0.39,124.67
25344.00,-0.39,123.95
25545.00,0.93,126.09
25746.00,0.55,124.60
25947.00,0.17,125.69
26148.00,-0.01,124.58
26349.00,1.49,124.76
26550.00,0.17,125.50
26752.00,0.74,125.30
26953.00,0.17,126.31
27154.00,0.55,124.12
27355.00,-0.20,125.81
27556.00,0.17,124.99
27757.00,-0.01,125.07
27958.00,-0.01,125.89
28160.00,-0.39,124.37
28361.00,-0.20,125.53
28562.00,0.55,124.84
28763.00,-0.20,126.22
28964.00,0.55,124.20
29165.00,0.74,125.12
29366.00,1.30,125.38
29568.00,-0.20,123.91
29769.00,-0.01,125.72
29970.00,0.17,124.64
30171.00,0.74,126.29
30372.00,0.17,125.54
30573.00,-0.57,126.10
30774.00,-0.76,125.65
30976.00,0.55,124.53
31177.00,1.11,125.37
31378.00,-0.01,125.54
31579.00,0.36,125.21
31780.00,0.17,125.13
31981.00,0.93,124.69
32182.00,0.17,125.64
32384.00,-0.20,124.71
32585.00,0.17,126.51
32786.00,-0.01,124.97
32987.00,0.36,124.70
33188.00,-0.39,125.73
33389.00,0.17,126.20
33590.00,0.74,125.27
33792.00,0.55,125.33
33993.00,0.74,124.42
34194.00,-0.20,125.82
34395.00,0.36,125.68
34596.00,0.36,124.80
34797.00,1.49,125.23
34998.00,0.93,125.47
35200.00,-0.20,124.40
35401.00,-0.39,124.49
35602.00,0.36,124.18
35803.00,-0.39,125.78
36004.00,0.55,125.34
36205.00,0.74,125.37
36406.00,-0.76,125.59
36608.00,1.49,124.54
36809.00,0.17,125.90
37010.00,0.17,125.81
37211.00,0.36,125.24
37412.00,0.74,125.70
37613.00,1.11,125.95
37814.00,1.11,125.89
38016.00,-1.14,124.80
38217.00,-0.95,125.30
38418.00,-0.39,124.43
38619.00,0.17,126.51
38820.00,0.17,125.18
39021.00,-0.01,124.00
39222.00,0.36,124.69
39424.00,0.55,125.11
39625.00,-0.01,125.05
39826.00,1.30,123.48
40027.00,0.17,124.72
40228.00,0.17,125.82
40429.00,-0.01,125.00
40630.00,0.74,126.27
40832.00,0.74,125.10
41033.00,0.17,125.22
41234.00,-0.76,124.26
41435.00,-0.95,123.42
41636.00,0.36,124.76
41837.00,0.55,124.57
42038.00,-0.01,125.69
42240.00,0.55,124.69
42441.00,0.17,125.79
42642.00,-0.01,124.60
42843.00,0.55,125.38
43044.00,-0.39,125.26
43245.00,-0.57,124.89
43446.00,-0.01,125.20
43648.00,0.55,124.84
43849.00,-0.39,125.88
44050.00,-0.57,124.57
44251.00,-0.95,124.49
44452.00,1.30,126.03
44653.00,0.55,125.48
44854.00,-0.01,125.10
45056.00,0.36,124.27
45257.00,1.11,126.22
45458.00,0.74,125.20
45659.00,0.93,125.35
45860.00,-0.39,125.26
46061.00,-0.57,124.74
46262.00,-0.20,125.78
46464.00,-0.39,125.28
46665.00,-0.57,125.75
46866.00,-0.20,125.50
47067.00,-0.76,124.14
47268.00,-0.01,125.18
47469.00,1.68,124.04
47670.00,0.93,124.94
47872.00,-0.01,125.79
48073.00,1.11,124.17
48274.00,0.74,125.81
48475.00,-0.01,125.74
48676.00,0.55,125.36
48877.00,0.17,124.57
49078.00,0.55,123.91
49280.00,-0.76,125.03
49481.00,-0.20,125.75
49682.00,-0.20,125.80
49883.00,-0.39,125.52
50084.00,0.36,123.81
50285.00,0.17,125.69
50486.00,0.36,125.05
50688.00,1.49,126.16
50889.00,1.11,125.67
51090.00,0.74,124.67
51291.00,-0.20,125.85
51492.00,0.36,125.15
51693.00,-0.01,125.05
51894.00,-0.01,124.51
52096.00,-0.57,125.32
52297.00,-1.14,125.07
52498.00,0.93,124.23
52699.00,0.17,125.10
52900.00,0.17,125.08
53101.00,0.17,125.79
53302.00,0.55,125.32
53504.00,0.17,125.43
53705.00,0.74,125.33
53906.00,1.11,125.07
54107.00,-0.20,125.13
54308.00,0.17,124.26
54509.00,-0.01,125.62
54710.00,0.36,124.10
54912.00,-0.57,125.72
55113.00,-0.57,125.65
55314.00,1.11,125.15
55515.00,0.55,125.18
55716.00,0.74,125.73
55917.00,0.17,125.82
56118.00,0.93,125.36
56320.00,0.74,125.31
56521.00,1.11,125.20
56722.00,0.74,125.23
56923.00,-0.95,124.71
57124.00,0.36,124.50
57325.00,0.17,125.93
57526.00,-0.20,125.62
57728.00,-0.39,124.73
57929.00,0.74,125.52
58130.00,0.74,125.25
58331.00,0.74,125.31
58532.00,0.74,124.55
58733.00,-0.01,125.86
58934.00,0.93,124.70
59136.00,1.86,124.23
59337.00,1.11,126.14
59538.00,1.30,124.98
59739.00,-1.14,125.76
59940.00,-0.57,126.22
60141.00,-0.39,125.64
60342.00,-0.39,125.64
60544.00,-0.76,125.84
60745.00,0.74,124.62
60946.00,-0.01,125.30
61147.00,0.74,125.11
61348.00,1.11,124.71
61549.00,1.11,124.68
61750.00,0.17,125.72
61952.00,0.93,126.23
62153.00,0.93,125.17
62354.00,0.17,124.59
62555.00,0.36,124.99
62756.00,-1.32,125.78
62957.00,1.11,125.56
63158.00,-0.01,124.09
63360.00,-0.57,125.56
63561.00,-0.20,126.27
63762.00,-0.01,124.95
63963.00,0.17,125.55
64164.00,1.49,124.46
64365.00,0.74,124.02
64566.00,0.17,124.60
64768.00,0.55,125.11
64969.00,0.17,124.54
65170.00,-0.01,125.34
65371.00,-0.01,124.54
65572.00,-0.20,125.32
65773.00,-0.39,126.26
65974.00,-0.39,125.55
66176.00,-0.20,126.73
66377.00,0.74,125.18
66578.00,0.93,125.47
66779.00,0.93,124.42
66980.00,0.36,125.39
67181.00,1.68,124.41
67382.00,0.36,125.71
67584.00,-0.20,125.52
67785.00,0.17,126.27
67986.00,-0.20,125.75
68187.00,0.93,124.44
68388.00,-0.20,125.54
68589.00,-0.76,125.02
68790.00,-0.76,125.44
68992.00,0.17,124.62
69193.00,0.74,125.20
69394.00,0.55,124.43
69595.00,0.36,125.11
69796.00,0.55,124.76
69997.00,1.49,124.64
70198.00,0.17,125.71
70400.00,0.74,124.19
70601.00,-0.20,124.24
70802.00,-0.01,124.59
71003.00,0.17,125.10
71204.00,0.74,124.33
71405.00,0.17,126.48
71606.00,-0.20,125.83
71808.00,0.55,124.80
72009.00,0.36,125.59
72210.00,0.36,124.89
72411.00,-0.01,126.20
72612.00,1.68,125.91
72813.00,1.11,125.01
73014.00,1.30,124.49
73216.00,-0.39,125.40
73417.00,0.36,125.10
73618.00,-0.20,125.26
73819.00,0.55,124.72
74020.00,-0.01,125.06
74221.00,-0.39,125.42
74422.00,1.11,124.79
74624.00,-0.20,125.83
74825.00,0.36,125.57
75026.00,-0.01,125.81
75227.00,0.74,125.22
75428.00,0.17,126.07
75629.00,1.68,125.58
75830.00,0.55,124.68
76032.00,-0.95,125.20
76233.00,0.17,124.18
76434.00,-0.39,124.81
76635.00,0.17,124.47
76836.00,0.55,125.77
77037.00,0.17,126.02
77238.00,-0.57,124.88
77440.00,-0.39,125.75
77641.00,0.36,125.36
77842.00,1.30,124.83
78043.00,1.30,125.24
78244.00,1.11,123.61
78445.00,1.30,125.69
78646.00,0.55,124.74
78848.00,0.36,124.72
79049.00,0.17,125.46
79250.00,-0.39,125.23
79451.00,-0.20,125.68
79652.00,-0.57,125.86
79853.00,-0.01,124.79
80054.00,-0.01,125.78
80256.00,0.74,125.32
80457.00,-0.39,125.51
80658.00,0.55,124.27
80859.00,0.74,125.55
81060.00,0.93,125.15
81261.00,0.93,125.12
81462.00,0.55,126.12
81664.00,1.11,125.20
81865.00,0.55,125.84
82066.00,0.55,124.20
82267.00,-0.76,125.90
82468.00,-0.95,124.34
82669.00,-0.57,125.34
82870.00,0.36,125.91
83072.00,0.36,126.03
83273.00,0.55,125.09
83474.00,0.93,124.94
83675.00,0.55,125.22
83876.00,0.93,125.83
84077.00,1.11,125.14
84278.00,0.93,125.74
84480.00,0.74,125.59
84681.00,-0.20,125.10
84882.00,0.36,124.62
85083.00,-0.95,124.10
85284.00,0.17,125.39
85485.00,-0.57,124.58
85686.00,-0.39,125.65
85888.00,-0.01,125.24
86089.00,0.36,125.59
86290.00,-0.01,125.95
86491.00,0.93,124.35
86692.00,0.17,125.46
86893.00,0.36,125.35
87094.00,0.74,125.34
87296.00,0.17,125.92
87497.00,0.93,123.58
87698.00,-0.20,125.83
87899.00,0.36,123.60
88100.00,-0.76,124.23
88301.00,0.17,125.55
88502.00,0.17,124.10
88704.00,-0.01,125.11
88905.00,1.11,124.70
89106.00,-0.01,125.76
89307.00,0.36,124.87
89508.00,0.36,125.09
89709.00,0.55,125.18
89910.00,-0.01,125.75
90112.00,0.17,124.64
90313.00,-0.20,125.81
90514.00,-0.01,125.58
90715.00,-0.39,124.72
90916.00,-0.39,124.45
91117.00,0.17,124.93
91318.00,-0.01,126.15
91520.00,0.36,124.44
91721.00,0.93,125.76
91922.00,0.36,125.71
92123.00,0.17,125.36
92324.00,0.93,125.79
92525.00,-0.01,123.97
92726.00,-0.20,125.77
92928.00,0.17,125.00
93129.00,0.74,123.55
93330.00,-0.39,125.82
93531.00,-0.57,125.73
93732.00,-0.01,125.07
93933.00,-0.20,124.58
94134.00,0.93,124.57
94336.00,0.17,124.86
94537.00,1.68,126.02
94738.00,-0.20,125.69
94939.00,0.93,125.58
95140.00,0.74,124.63
95341.00,-0.01,125.18
95542.00,0.36,124.71
95744.00,-0.20,124.95
95945.00,-1.51,125.67
96146.00,0.36,125.69
96347.00,-0.57,125.11
96548.00,-0.57,124.88
96749.00,-0.01,125.19
96950.00,0.17,125.01
97152.00,0.55,125.58
97353.00,0.93,125.01
97554.00,0.74,125.33
97755.00,1.30,125.63
97956.00,0.74,125.17
98157.00,-0.20,125.55
98358.00,0.36,124.55
98560.00,-0.20,125.74
98761.00,0.36,124.54
98962.00,0.93,126.56
99163.00,0.36,125.83
99364.00,0.93,124.52
99565.00,0.55,125.79
99766.00,0.74,125.68
99968.00,0.17,125.27
100169.00,0.74,124.75
100370.00,0.17,126.76
100571.00,1.11,123.70
100772.00,-0.01,125.90
100973.00,0.74,124.66
101174.00,-0.20,125.69
101376.00,-0.95,124.35
101577.00,-0.20,125.83
101778.00,0.93,125.69
101979.00,0.17,125.53
102180.00,-0.39,125.69
102381.00,-0.01,125.36
102582.00,-0.01,124.38
102784.00,1.30,125.15
102985.00,0.17,125.24
103186.00,0.93,126.41
103387.00,1.49,125.47
103588.00,-0.01,125.44
103789.00,0.36,125.38
103990.00,-0.39,125.35
104192.00,0.36,123.95
104393.00,-0.76,125.57
104594.00,-0.57,125.50
104795.00,-0.57,125.82
104996.00,-0.01,125.69
105197.00,0.55,124.70
105398.00,-0.20,125.56
105600.00,1.49,124.31
105801.00,1.11,125.15
106002.00,1.11,125.62
106203.00,0.36,124.29
106404.00,0.17,125.65
106605.00,0.36,125.25
106806.00,-0.20,125.88
107008.00,-1.14,124.22
107209.00,-1.14,125.58
107410.00,0.55,125.84
107611.00,-0.39,125.62
107812.00,-0.20,125.58
108013.00,0.36,125.30
108214.00,-0.20,125.20
108416.00,0.93,124.89
108617.00,0.93,125.22
108818.00,0.74,125.53
109019.00,0.36,124.72
109220.00,0.93,124.71
109421.00,0.74,125.18
109622.00,-0.20,125.80
109824.00,-0.39,124.90
110025.00,-0.76,124.46
110226.00,-0.39,125.64
110427.00,-0.20,125.79
110628.00,0.17,124.68
110829.00,0.93,125.75
111030.00,0.55,125.29
111232.00,-0.01,125.75
111433.00,1.11,123.87
111634.00,0.36,126.41
111835.00,0.55,124.69
112036.00,0.93,125.62
112237.00,0.74,126.56
112438.00,0.74,124.21
112640.00,0.36,125.43
112841.00,-0.01,125.33
113042.00,0.17,125.14
113243.00,-0.57,124.66
113444.00,-0.01,124.25
113645.00,1.49,125.63
113846.00,0.93,125.76
114048.00,0.55,124.74
114249.00,0.55,125.78
114450.00,0.55,125.44
114651.00,0.36,125.07
114852.00,0.93,124.74
115053.00,0.55,125.23
115254.00,0.55,125.91
115456.00,0.36,124.73
115657.00,-0.39,124.54
115858.00,-0.39,124.77
116059.00,-0.57,124.67
116260.00,0.93,124.83
116461.00,0.74,125.07
116662.00,-0.01,125.69
116864.00,1.30,125.97
117065.00,0.74,125.84
117266.00,-0.01,125.59
117467.00,0.17,125.66
117668.00,0.74,124.62
117869.00,0.36,125.50
118070.00,0.74,125.35
118272.00,-1.32,125.36
118473.00,-0.39,125.61
118674.00,-0.01,125.89
118875.00,-0.01,125.31
119076.00,-0.39,126.02
119277.00,-0.01,125.57
119478.00,0.74,125.72
119680.00,1.49,124.30
119881.00,0.74,125.02
120082.00,0.74,124.74
120283.00,-0.20,125.75
120484.00,1.30,124.84
120685.00,0.17,125.78
120886.00,-0.20,125.73
121088.00,0.93,124.98
121289.00,-0.76,124.25
121490.00,-0.39,125.20
121691.00,-0.57,124.22
121892.00,-0.39,125.10
122093.00,0.93,124.70
122294.00,-0.01,125.59
122496.00,0.17,124.99
122697.00,2.05,125.48
122898.00,0.17,125.34
123099.00,0.36,125.57
123300.00,-0.20,125.76
123501.00,1.49,125.67
123702.00,0.74,125.04
123904.00,-0.20,125.52
124105.00,0.36,124.94
124306.00,-0.95,124.37
124507.00,-0.39,123.88
124708.00,-0.20,124.41
124909.00,-0.01,125.38
125110.00,-0.01,124.45
125312.00,0.93,125.79
125513.00,0.93,125.07
125714.00,0.74,125.20
125915.00,0.17,125.71
126116.00,0.74,124.08
126317.00,0.17,125.64
126518.00,-0.01,124.97
126720.00,-0.20,125.04
126921.00,0.36,124.89
127122.00,0.17,124.83
127323.00,-0.76,123.22
127524.00,0.17,124.26
127725.00,-0.39,125.81
127926.00,-0.01,124.63
128128.00,-0.20,125.29
128329.00,0.36,125.28
128530.00,0.55,125.08
128731.00,1.11,124.81
128932.00,0.17,125.76
129133.00,0.17,125.49
129334.00,0.74,124.08
129536.00,0.93,125.62
129737.00,0.74,124.07
129938.00,-0.20,125.00
130139.00,-0.95,124.89
130340.00,-0.57,124.75
130541.00,-0.39,125.09
130742.00,0.55,126.07
130944.00,0.93,124.55
131145.00,-0.01,125.77
131346.00,0.36,125.37
131547.00,0.17,124.48
131748.00,0.17,125.83
131949.00,0.36,124.57
132150.00,0.17,125.16
132352.00,-0.01,125.44
132553.00,0.36,125.07
132754.00,-0.20,125.67
132955.00,0.17,124.63
133156.00,-0.57,124.02
133357.00,-0.57,125.62
133558.00,0.36,124.09
133760.00,0.93,125.22
133961.00,0.55,125.25
134162.00,-0.01,125.08
134363.00,-0.20,125.79
134564.00,0.36,124.15
134765.00,0.36,125.30
134966.00,-0.01,125.09
135168.00,-0.20,125.53
135369.00,0.74,125.19
135570.00,-0.20,125.62
135771.00,0.17,125.10
135972.00,-0.95,123.87
136173.00,-0.20,123.83
136374.00,-0.20,125.54
136576.00,-0.01,126.25
136777.00,0.55,123.94
136978.00,-0.01,125.12
137179.00,0.74,124.61
137380.00,0.55,125.84
137581.00,0.55,124.05
137782.00,0.55,124.61
137984.00,-0.01,125.57
138185.00,0.55,124.68
138386.00,-0.20,125.08
138587.00,0.55,124.68
138788.00,-0.57,126.37
138989.00,-0.76,123.72
139190.00,-0.01,123.25
139392.00,0.17,125.26
139593.00,0.17,125.82
139794.00,0.93,124.34
139995.00,0.17,125.37
140196.00,1.30,124.62
140397.00,0.55,124.58
140598.00,0.17,125.20
140800.00,0.36,124.51
141001.00,-0.95,124.23
141202.00,0.93,124.12
141403.00,-0.20,125.30
141604.00,-0.57,125.89
141805.00,-0.20,125.05
142006.00,-0.39,125.84
142208.00,0.17,124.71
142409.00,1.11,125.68
142610.00,0.93,124.45
142811.00,-0.01,126.36
143012.00,1.11,125.60
143213.00,0.93,125.18
143414.00,0.36,125.76
143616.00,0.17,124.68
143817.00,0.17,125.04
144018.00,-0.39,124.84
144219.00,0.36,124.48
144420.00,-0.20,125.53
144621.00,-0.39,124.68
144822.00,0.36,124.17
145024.00,0.55,124.67
145225.00,0.74,124.42
145426.00,0.93,124.68
145627.00,0.36,124.74
145828.00,0.36,125.25
146029.00,1.30,126.26
146230.00,0.93,124.61
146432.00,0.17,124.79
146633.00,0.93,125.15
146834.00,-0.20,125.69
147035.00,-1.14,125.21
147236.00,-0.39,123.59
147437.00,0.17,125.04
147638.00,0.36,125.09
147840.00,-0.20,125.14
148041.00,-0.01,125.74
148242.00,0.55,124.54
148443.00,0.36,125.00
148644.00,0.74,125.55
148845.00,1.11,124.89
149046.00,-0.39,124.92
149248.00,0.55,124.27
149449.00,0.36,125.60
149650.00,-0.01,124.73
149851.00,-0.01,125.46
150052.00,0.17,125.36
150253.00,0.17,124.75
150454.00,-0.39,125.51
150656.00,0.36,124.27
150857.00,1.11,125.49
151058.00,-0.20,125.21
151259.00,0.55,124.53
151460.00,1.11,125.77
151661.00,0.17,125.43
151862.00,0.93,124.99
152064.00,-0.01,125.67
152265.00,-0.39,125.36
152466.00,-0.39,125.50
152667.00,-0.20,125.22
152868.00,0.17,124.97
153069.00,0.17,124.67
153270.00,-0.20,125.66
153472.00,0.36,124.09
153673.00,1.11,124.55
153874.00,1.30,124.35
154075.00,-0.20,125.77
154276.00,1.30,125.58
154477.00,1.30,124.54
154678.00,0.93,125.00
154880.00,0.36,124.62
155081.00,-0.57,125.75
155282.00,-0.39,124.40
155483.00,-0.39,125.70
155684.00,-1.14,125.18
155885.00,-0.57,125.16
156086.00,0.55,125.49
156288.00,0.55,125.61
156489.00,0.55,125.88
156690.00,1.68,124.53
156891.00,0.17,125.74
157092.00,2.24,125.13
157293.00,1.49,125.39
157494.00,0.55,125.17
157696.00,0.74,125.04
157897.00,-0.20,124.02
158098.00,-0.20,123.61
158299.00,-0.20,125.09
158500.00,-0.39,124.68
158701.00,0.55,123.92
158902.00,-0.20,125.54
159104.00,0.93,125.46
159305.00,0.36,124.13
159506.00,-0.39,124.43
159707.00,1.11,124.35
159908.00,0.36,125.64
160109.00,0.36,126.05
160310.00,0.93,125.22
160512.00,-0.01,124.95
160713.00,0.36,125.14
160914.00,-0.39,125.19
161115.00,-0.57,124.92
161316.00,-0.39,125.43
161517.00,-0.39,125.06
161718.00,-0.20,125.68
161920.00,0.93,125.34
162121.00,-0.01,126.29
162322.00,0.17,125.43
162523.00,0.74,124.84
162724.00,0.55,125.25
162925.00,1.11,124.45
163126.00,0.74,125.00
163328.00,-0.01,125.02
163529.00,0.36,124.56
163730.00,-0.20,125.68
163931.00,0.17,123.87
164132.00,-0.76,125.22
164333.00,-0.39,125.64
164534.00,0.36,125.13
164736.00,0.17,126.10
164937.00,1.11,125.60
165138.00,0.55,124.96
165339.00,-0.39,124.86
165540.00,0.55,124.90
165741.00,0.74,125.55
165942.00,-0.01,125.25
166144.00,-0.20,124.89
166345.00,0.36,126.48
166546.00,1.30,124.08
166747.00,-0.39,125.55
166948.00,-0.39,124.03
167149.00,-0.57,124.40
167350.00,-0.39,125.49
167552.00,0.74,124.98
167753.00,0.74,124.57
167954.00,0.93,124.80
168155.00,0.36,124.52
168356.00,0.36,126.16
168557.00,0.55,125.57
168758.00,0.36,124.56
168960.00,-0.20,125.71
169161.00,0.55,124.92
169362.00,-0.57,124.84
169563.00,-0.01,124.38
169764.00,-0.57,124.94
169965.00,-0.57,125.52
170166.00,-0.39,124.90
170368.00,0.93,124.80
170569.00,0.36,124.02
170770.00,1.11,126.47
170971.00,1.49,125.23
171172.00,0.36,124.35
171373.00,0.17,125.58
171574.00,0.17,124.61
171776.00,-0.01,125.68
171977.00,1.11,125.78
172178.00,0.17,124.02
172379.00,-0.95,125.28
172580.00,-0.76,123.70
172781.00,-0.57,124.41
172982.00,-0.20,125.69
173184.00,1.11,125.15
173385.00,-0.01,125.92
173586.00,-0.01,125.75
173787.00,0.93,125.20
173988.00,0.55,125.74
174189.00,0.74,124.22
174390.00,-0.39,123.99
174592.00,-0.20,125.85
174793.00,0.55,124.58
174994.00,-0.20,125.65
175195.00,0.36,125.67
175396.00,-0.57,126.08
175597.00,-0.76,123.80
175798.00,0.36,123.16
176000.00,-0.01,125.66
176201.00,0.36,125.16
176402.00,1.11,124.63
176603.00,-0.01,125.57
176804.00,0.55,125.43
177005.00,0.55,124.33
177206.00,-0.57,124.41
177408.00,-0.01,125.42
177609.00,-0.39,124.59
177810.00,0.55,125.06
178011.00,-0.39,125.05
178212.00,-0.57,124.96
178413.00,-0.57,125.59
178614.00,-0.01,124.28
178816.00,1.30,124.91
179017.00,0.36,125.14
179218.00,1.11,124.91
179419.00,0.17,125.62
179620.00,0.74,123.89
179821.00,0.36,125.60
180022.00,0.74,124.16
180224.00,-0.95,124.87
180425.00,-0.20,125.07
180626.00,-0.20,124.45
180827.00,-0.20,124.64
181028.00,-0.95,124.38
181229.00,-0.57,125.37
181430.00,-0.20,125.21
181632.00,2.05,124.76
181833.00,-0.01,125.02
182034.00,0.17,124.48
182235.00,-0.01,124.96
182436.00,0.55,123.98
182637.00,0.55,124.96
182838.00,0.36,125.81
183040.00,-1.51,125.24
183241.00,-0.76,123.66
183442.00,0.74,124.49
183643.00,-0.39,125.54
183844.00,-0.76,125.18
184045.00,-0.39,125.18
184246.00,-0.20,125.08
184448.00,0.36,124.37
184649.00,0.17,125.06
184850.00,0.36,125.17
185051.00,1.30,123.69
185252.00,0.17,124.86
185453.00,-0.01,125.42
185654.00,0.36,125.05
185856.00,-0.20,125.06
186057.00,0.17,124.44
186258.00,-0.20,125.55
186459.00,-0.57,125.21
186660.00,-0.57,124.77
186861.00,-0.01,124.49
187062.00,0.55,125.09
187264.00,-0.01,125.08
187465.00,0.55,125.12
187666.00,-0.01,125.63
187867.00,-0.01,125.61
188068.00,0.36,125.53
188269.00,0.93,124.81
188470.00,0.17,125.06
188672.00,0.17,125.10
188873.00,0.74,125.04
189074.00,0.17,124.81
189275.00,0.36,124.84
189476.00,-0.01,125.09
189677.00,-0.20,125.36
189878.00,1.30,124.85
190080.00,0.74,125.60
190281.00,0.36,125.36
190482.00,0.55,125.03
190683.00,0.17,125.62
190884.00,0.55,125.00
191085.00,1.68,124.61
191286.00,-0.20,125.30
191488.00,-0.76,125.03
191689.00,-0.20,124.71
191890.00,-0.39,125.56
192091.00,0.36,125.60
192292.00,-0.01,124.92
192493.00,0.55,124.80
192694.00,0.93,125.40
192896.00,0.36,123.61
193097.00,1.30,125.21
193298.00,0.93,124.14
193499.00,0.55,125.10
193700.00,1.30,124.51
193901.00,0.93,125.56
194102.00,0.74,125.15
194304.00,-1.32,124.71
194505.00,-0.20,124.99
194706.00,-0.20,125.20
194907.00,-0.20,125.62
195108.00,0.55,124.95
195309.00,0.36,124.48
195510.00,-0.39,125.55
195712.00,-0.39,124.12
195913.00,1.30,124.11
196114.00,-0.20,125.55
196315.00,0.36,126.05
196516.00,0.36,124.31
196717.00,0.93,125.42
196918.00,0.36,124.89
197120.00,0.17,124.92
197321.00,-0.39,124.70
197522.00,-0.39,124.65
197723.00,-0.57,124.90
197924.00,-0.20,125.03
198125.00,1.11,125.38
198326.00,0.74,124.83
198528.00,-0.39,125.01
198729.00,-0.20,125.00
198930.00,0.36,124.49
199131.00,0.55,125.39
199332.00,0.55,124.20
199533.00,-0.01,125.68
199734.00,-0.20,125.66
199936.00,0.36,124.38
200137.00,-0.20,125.08
200338.00,-0.20,124.50
200539.00,-0.57,125.07
200740.00,0.74,125.55
200941.00,0.74,124.90
201142.00,0.93,125.17
201344.00,1.49,124.47
201545.00,0.17,125.54
201746.00,0.17,125.17
201947.00,0.74,125.02
202148.00,0.93,124.71
202349.00,0.36,126.54
202550.00,0.74,124.37
202752.00,-0.01,124.21
202953.00,0.36,125.01
203154.00,-0.57,124.38
203355.00,-0.76,124.95
203556.00,0.74,125.56
203757.00,-0.20,126.27
203958.00,-0.01,124.41
204160.00,0.93,125.22
204361.00,1.11,124.57
204562.00,0.17,124.89
204763.00,0.55,123.32
204964.00,-0.01,124.43
205165.00,-0.01,125.05
205366.00,0.74,125.15
205568.00,-1.32,124.67
205769.00,0.55,124.40
205970.00,-0.76,125.50
206171.00,-0.76,123.99
206372.00,-0.20,125.45
206573.00,-0.20,124.93
206774.00,-0.20,124.44
206976.00,0.17,126.02
207177.00,1.49,124.07
207378.00,1.11,124.31
207579.00,0.74,124.36
207780.00,0.36,123.96
207981.00,-0.01,125.72
208182.00,-0.20,124.60
208384.00,0.36,125.04
208585.00,-0.39,125.64
208786.00,-0.39,125.74
208987.00,-0.01,123.96
209188.00,-0.20,124.40
209389.00,0.17,125.62
209590.00,0.36,124.00
209792.00,0.55,125.06
209993.00,1.11,124.63
210194.00,0.93,125.14
210395.00,0.17,125.30
210596.00,-0.20,123.99
210797.00,0.17,124.69
210998.00,0.17,124.84
211200.00,0.17,123.87
211401.00,-0.20,125.46
211602.00,-0.76,124.91
211803.00,-0.57,125.50
212004.00,1.11,125.16
212205.00,1.49,124.58
212406.00,-0.01,125.64
212608.00,0.36,124.68
212809.00,0.17,125.01
213010.00,1.30,124.53
213211.00,0.93,125.03
213412.00,-0.76,124.78
213613.00,-0.95,124.88
213814.00,0.74,124.58
214016.00,-0.01,125.54
214217.00,-0.76,125.08
214418.00,-0.76,125.61
214619.00,-0.20,124.49
214820.00,0.36,124.07
215021.00,1.49,124.83
215222.00,0.36,123.56
215424.00,-0.01,125.72
215625.00,0.36,125.11
215826.00,1.11,124.64
216027.00,-0.20,125.03
216228.00,-0.76,124.77
216429.00,-0.95,125.49
216630.00,0.17,124.02
216832.00,-0.20,126.11
217033.00,0.36,125.57
217234.00,0.36,125.72
217435.00,-0.39,125.65
217636.00,-0.39,125.42
217837.00,1.68,123.93
218038.00,0.55,126.15
218240.00,1.11,124.47
218441.00,1.11,125.84
218642.00,1.11,126.11
218843.00,1.11,124.68
219044.00,-0.01,124.00
219245.00,-0.01,125.10
219446.00,-0.01,125.51
219648.00,0.93,124.39
219849.00,-0.20,125.01
220050.00,0.36,125.16
220251.00,0.17,125.04
220452.00,0.55,124.99
220653.00,-0.20,124.96
220854.00,0.74,124.66
221056.00,0.74,124.04
221257.00,0.93,125.55
221458.00,0.93,125.31
221659.00,1.68,124.71
221860.00,-0.39,125.09
222061.00,0.36,124.91
222262.00,-0.95,124.52
222464.00,-0.01,125.82
222665.00,0.36,125.37
222866.00,0.55,125.24
223067.00,0.55,125.64
223268.00,1.30,124.37
223469.00,0.17,124.98
223670.00,0.74,123.97
223872.00,0.55,125.62
224073.00,0.17,125.51
224274.00,-0.01,125.28
224475.00,0.93,125.67
224676.00,0.55,124.02
224877.00,-0.20,125.63
225078.00,-0.39,124.72
225280.00,-0.39,124.22
225481.00,-0.20,125.18
225682.00,0.17,125.32
225883.00,0.93,125.72
226084.00,0.36,124.46
226285.00,-0.01,125.06
226486.00,-0.20,124.89
226688.00,0.55,124.15
226889.00,0.74,125.54
227090.00,0.55,126.07
227291.00,0.36,124.59
227492.00,-0.20,125.11
227693.00,-0.39,124.60
227894.00,-0.39,125.60
228096.00,-0.57,125.15
228297.00,1.68,124.73
228498.00,-0.01,125.71
228699.00,-0.01,124.57
228900.00,0.17,125.75
229101.00,0.93,124.60
229302.00,-0.01,125.80
229504.00,0.55,124.66
229705.00,-0.39,125.07
229906.00,-0.01,124.95
230107.00,0.93,124.74
230308.00,0.17,125.87
230509.00,-0.20,125.54
230710.00,-0.39,124.53
230912.00,-0.39,124.01
231113.00,0.17,123.96
231314.00,1.30,124.68
231515.00,0.55,124.65
231716.00,-0.01,125.15
231917.00,0.36,125.72
232118.00,0.36,125.66
232320.00,-0.01,125.54
232521.00,0.17,125.02
232722.00,-1.32,125.18
232923.00,-0.01,124.93
233124.00,0.55,125.03
233325.00,0.36,126.09
233526.00,0.17,125.68
233728.00,0.36,125.21
233929.00,0.74,124.88
234130.00,1.30,123.63
234331.00,0.55,125.03
234532.00,0.17,124.98
234733.00,0.74,124.43
234934.00,1.11,125.03
235136.00,-0.20,124.67
235337.00,0.36,124.60
235538.00,-1.14,125.15
235739.00,-0.76,124.48
235940.00,-0.39,125.82
236141.00,-0.39,125.56
236342.00,-0.76,125.56
236544.00,0.36,125.12
236745.00,-0.20,125.56
236946.00,0.55,123.93
237147.00,0.93,124.74
237348.00,0.17,124.95
237549.00,0.93,124.48
237750.00,0.93,125.22
237952.00,0.36,125.13
238153.00,-0.01,125.61
238354.00,0.55,124.67
238555.00,-1.14,124.56
238756.00,-0.76,125.48
238957.00,-0.57,125.57
239158.00,0.74,125.64
239360.00,0.55,125.10
239561.00,-0.01,124.96
239762.00,0.17,125.62
239963.00,0.74,124.95
240164.00,1.49,125.28
240365.00,1.11,124.93
240566.00,-0.01,124.59
240768.00,-0.20,124.92
240969.00,0.55,124.41
241170.00,-0.20,124.97
241371.00,0.55,125.22
241572.00,-0.39,124.51
241773.00,-0.39,124.95
241974.00,0.74,124.98
242176.00,0.17,125.67
242377.00,-0.39,124.68
242578.00,0.55,125.06
242779.00,0.55,126.18
242980.00,0.55,125.37
243181.00,-0.57,125.03
243382.00,-0.01,125.81
243584.00,0.55,125.41
243785.00,-0.01,124.70
243986.00,-0.39,123.46
244187.00,-0.39,124.07
244388.00,-0.20,125.75
244589.00,-0.01,124.43
244790.00,-0.01,125.11
244992.00,1.11,125.27
245193.00,1.68,123.52
245394.00,0.17,123.87
245595.00,0.17,123.35
245796.00,-0.01,123.97
245997.00,-0.01,125.59
246198.00,0.36,124.95
246400.00,-0.20,125.59
246601.00,0.55,124.33
246802.00,-0.39,125.25
247003.00,-0.20,124.52
247204.00,0.17,124.05
247405.00,0.36,125.59
247606.00,0.55,124.64
247808.00,0.36,125.82
248009.00,1.68,125.19
248210.00,0.55,125.83
248411.00,-0.39,125.20
248612.00,0.17,124.87
248813.00,0.17,125.07
249014.00,0.55,125.23
249216.00,0.17,124.35
249417.00,-0.57,123.72
249618.00,-0.01,125.23
249819.00,0.93,123.78
250020.00,0.36,124.64
250221.00,-0.01,125.75
250422.00,-0.20,125.16
250624.00,0.55,124.79
250825.00,-0.01,125.19
251026.00,-0.01,125.67
251227.00,0.55,124.62
251428.00,-1.32,124.73
251629.00,0.17,124.18
251830.00,-0.20,125.69
252032.00,0.55,125.69
252233.00,-0.01,124.55
252434.00,1.30,124.70
252635.00,-0.20,125.84
252836.00,0.36,124.75
253037.00,0.17,123.55
253238.00,0.93,124.06
253440.00,0.55,124.03
253641.00,-0.01,125.06
253842.00,0.74,125.07
254043.00,-0.20,125.57
254244.00,0.17,126.26
254445.00,-0.20,124.90
254646.00,-0.76,124.24
254848.00,-0.57,124.53
255049.00,0.93,125.57
255250.00,-0.01,124.53
255451.00,0.93,124.86
255652.00,0.17,125.41
255853.00,0.74,124.11
256054.00,0.74,124.92
256256.00,-0.39,125.20
256457.00,0.74,124.73
256658.00,0.17,125.44
256859.00,1.30,125.10
257060.00,-0.39,125.09
257261.00,-0.76,124.57
257462.00,0.36,124.35
257664.00,0.93,125.90
257865.00,1.11,124.51
258066.00,-0.01,124.59
258267.00,-0.01,125.70
258468.00,0.74,123.98
258669.00,0.55,123.99
258870.00,-0.01,123.67
259072.00,0.36,125.22
259273.00,-0.57,124.19
259474.00,-0.20,125.10
259675.00,0.93,125.59
259876.00,-0.76,125.68
260077.00,-0.20,124.59
260278.00,-0.20,123.90
260480.00,0.55,124.55
260681.00,-0.01,125.59
260882.00,0.74,125.47
261083.00,0.17,125.35
261284.00,-0.01,125.52
261485.00,0.55,125.04
261686.00,-0.20,125.20
261888.00,0.55,124.61
262089.00,-0.39,125.88
262290.00,-0.57,125.82
262491.00,-0.76,125.51
262692.00,1.86,125.11
262893.00,1.49,124.36
263094.00,-0.20,125.51
263296.00,0.74,125.05
263497.00,0.74,123.64
263698.00,1.86,125.77
263899.00,1.49,124.97
264100.00,0.17,124.77
264301.00,0.74,124.78
264502.00,-0.76,124.74
264704.00,0.36,125.24
264905.00,-0.76,124.59
265106.00,0.17,124.16
265307.00,0.74,124.68
265508.00,0.17,125.67
265709.00,0.55,124.54
265910.00,0.93,125.72
266112.00,1.30,124.41
266313.00,0.17,125.52
266514.00,-0.01,125.65
266715.00,0.74,125.16
266916.00,-0.20,124.92
267117.00,0.74,125.16
267318.00,-0.39,125.02
267520.00,-0.57,125.72
267721.00,-0.20,125.16
267922.00,-0.01,125.24
268123.00,0.74,125.60
268324.00,0.93,124.62
268525.00,-0.01,125.74
268726.00,1.30,126.07
268928.00,-0.01,125.21
269129.00,0.74,125.84
269330.00,-0.01,125.79
269531.00,-0.95,124.69
269732.00,0.17,125.14
269933.00,-0.57,125.71
270134.00,0.17,125.64
270336.00,0.36,124.58
270537.00,-0.01,125.07
270738.00,-0.20,125.69
270939.00,0.36,124.28
271140.00,0.74,125.02
271341.00,0.36,125.20
271542.00,1.11,124.55
271744.00,-0.01,125.14
271945.00,0.93,124.97
272146.00,0.17,124.72
272347.00,-0.57,125.60
272548.00,0.93,124.03
272749.00,-0.01,125.37
272950.00,1.68,126.07
273152.00,0.55,125.72
273353.00,0.17,125.23
273554.00,0.55,124.39
273755.00,0.36,125.67
273956.00,0.93,125.68
274157.00,0.74,125.18
274358.00,-0.20,125.66
274560.00,-0.20,124.63
274761.00,-0.01,124.56
274962.00,-0.39,125.05
275163.00,-0.39,125.41
275364.00,-0.01,125.03
275565.00,0.74,125.61
275766.00,0.36,124.57
275968.00,1.11,125.24
276169.00,0.36,125.05
276370.00,0.36,125.07
276571.00,0.17,124.88
276772.00,-0.20,124.51
276973.00,0.55,125.63
277174.00,-0.39,124.62
277376.00,-0.20,125.55
277577.00,-0.20,124.65
277778.00,-0.01,125.77
277979.00,-0.39,124.90
278180.00,0.36,124.82
278381.00,0.17,124.80
278582.00,0.17,125.29
278784.00,0.55,125.27
278985.00,0.36,124.46
279186.00,0.55,126.32
279387.00,0.36,124.01
279588.00,0.36,125.75
279789.00,-0.01,125.37
279990.00,-0.20,125.77
280192.00,-0.76,125.60
280393.00,1.86,123.44
280594.00,0.36,124.18
280795.00,-0.01,125.60
280996.00,0.55,126.39
281197.00,0.55,124.63
281398.00,1.30,125.14
281600.00,0.74,125.09
281801.00,0.74,124.81
282002.00,-0.95,125.61
282203.00,0.36,125.35
282404.00,0.55,125.66
282605.00,0.36,125.29
282806.00,0.17,124.71
283008.00,0.74,125.68
283209.00,0.55,125.55
283410.00,1.86,124.81
283611.00,0.17,125.94
283812.00,0.93,124.67
284013.00,0.55,125.35
284214.00,0.17,124.81
284416.00,-0.20,125.64
284617.00,1.11,124.67
284818.00,-0.20,125.30
285019.00,-0.95,124.74
285220.00,-0.57,125.55
285421.00,-0.20,124.54
285622.00,-0.01,125.60
285824.00,1.11,125.58
286025.00,0.74,124.56
286226.00,-0.01,125.79
286427.00,0.17,126.78
286628.00,0.36,124.70
286829.00,-0.57,125.28
287030.00,0.93,125.11
287232.00,0.74,124.52
287433.00,-0.39,124.66
287634.00,-0.76,125.66
287835.00,-0.20,125.63
288036.00,0.36,126.38
288237.00,1.11,125.04
288438.00,1.11,125.15
288640.00,0.55,124.56
288841.00,1.11,125.29
289042.00,0.36,125.77
289243.00,0.93,125.17
289444.00,0.36,125.75
289645.00,0.36,124.30
289846.00,-1.14,124.79
290048.00,-0.39,125.22
290249.00,-0.76,126.36
290450.00,-0.57,125.69
290651.00,0.55,126.73
290852.00,0.74,124.60
291053.00,0.36,126.30
291254.00,0.55,124.78
291456.00,0.17,125.82
291657.00,0.55,124.35
291858.00,0.36,125.06
292059.00,0.74,124.83
292260.00,-0.20,126.15
292461.00,0.55,125.17
292662.00,-0.39,125.69
292864.00,-0.76,125.81
293065.00,0.74,125.38
293266.00,0.55,125.54
293467.00,0.55,124.57
293668.00,1.49,125.05
293869.00,0.17,125.68
294070.00,0.93,125.22
294272.00,1.11,124.91
294473.00,0.74,125.46
294674.00,0.74,124.91
294875.00,-0.57,125.01
295076.00,0.36,124.25
295277.00,-0.20,123.89
295478.00,-0.01,124.54
295680.00,0.74,125.08
295881.00,-0.01,124.90
296082.00,0.55,124.53
296283.00,0.93,124.66
296484.00,1.68,125.56
296685.00,0.36,124.61
296886.00,0.55,124.10
297088.00,-0.01,125.17
297289.00,-0.39,125.51
297490.00,0.17,124.53
297691.00,-0.20,125.66
297892.00,-0.01,125.23
298093.00,-0.39,124.15
298294.00,-0.39,124.37
298496.00,-0.01,125.57
298697.00,1.49,124.42
298898.00,0.55,124.07
299099.00,0.17,124.19
299300.00,1.68,126.41
299501.00,0.93,125.72
299702.00,-0.57,124.81
299904.00,-0.01,124.54
300105.00,-0.20,125.91
300306.00,0.36,124.60
300507.00,-0.01,126.21
300708.00,-0.57,125.75
300909.00,0.17,124.72
301110.00,-0.01,125.56
301312.00,0.74,125.70
301513.00,0.93,125.02
301714.00,0.74,125.52
301915.00,-0.01,125.53
302116.00,0.17,125.69
302317.00,-0.01,126.17
302518.00,0.74,124.59
302720.00,-0.20,125.27
302921.00,-0.20,125.42
303122.00,0.74,125.64
303323.00,0.36,125.53
303524.00,0.36,124.58
303725.00,-0.39,125.68
303926.00,0.55,125.23
304128.00,0.17,125.67
304329.00,0.17,125.79
304530.00,0.55,124.81
304731.00,1.49,124.61
304932.00,0.36,125.10
305133.00,0.55,125.15
305334.00,-0.01,125.80
305536.00,0.36,124.66
305737.00,-0.39,125.65
305938.00,-0.95,124.90
306139.00,0.17,124.11
306340.00,-0.20,124.46
306541.00,0.55,125.04
306742.00,-0.01,125.57
306944.00,-0.01,125.69
307145.00,0.93,124.85
307346.00,1.49,125.51
307547.00,0.55,124.95
307748.00,-0.20,124.99
307949.00,0.74,125.12
308150.00,-0.39,125.06
308352.00,-0.01,124.10
308553.00,-0.57,125.23
308754.00,-0.39,125.99
308955.00,2.05,124.92
309156.00,1.86,125.77
309357.00,1.11,124.65
309558.00,0.55,125.17
309760.00,1.11,125.44
309961.00,0.17,125.90
310162.00,-0.01,125.47
310363.00,-0.20,125.02
310564.00,-0.39,125.45
310765.00,0.36,125.27
310966.00,-0.20,125.63
311168.00,-0.76,126.91
311369.00,0.17,126.20
311570.00,-0.20,125.95
311771.00,0.55,124.57
311972.00,0.36,124.65
312173.00,1.30,124.50
312374.00,-0.01,125.26
312576.00,0.36,126.16
312777.00,1.30,124.47
312978.00,-0.20,125.61
313179.00,0.55,124.67
313380.00,-0.20,125.28
313581.00,-0.39,124.50
313782.00,0.55,124.55
313984.00,-0.76,126.23
314185.00,0.17,124.95
314386.00,0.74,125.71
314587.00,0.36,124.18
314788.00,-0.01,125.52
314989.00,0.93,124.51
315190.00,0.55,125.60
315392.00,0.17,125.11
315593.00,-0.20,124.84
315794.00,0.36,123.92
315995.00,0.55,125.83
316196.00,-0.39,125.57
316397.00,-0.76,124.77
316598.00,-0.76,125.05
316800.00,-0.20,125.02
317001.00,-0.01,124.18
317202.00,0.55,125.83
317403.00,0.36,124.60
317604.00,0.17,124.07
317805.00,1.11,126.13
318006.00,0.93,124.97
318208.00,-0.01,125.56
318409.00,-0.01,124.78
318610.00,0.55,124.81
318811.00,-0.01,125.20
319012.00,0.17,125.34
319213.00,-0.39,125.50
319414.00,0.74,125.15
319616.00,0.55,124.83
319817.00,0.36,124.76
320018.00,-0.01,125.56
320219.00,0.36,124.60
320420.00,0.17,124.96
320621.00,0.74,125.33
320822.00,0.55,125.23
321024.00,0.17,125.09
321225.00,-0.39,125.15
321426.00,-0.57,123.93
321627.00,-0.39,126.18
321828.00,-0.20,124.77
322029.00,-0.01,125.54
322230.00,0.36,126.34
322432.00,0.74,125.38
322633.00,-0.01,125.42
322834.00,1.49,124.43
323035.00,0.36,125.00
323236.00,0.55,126.14
323437.00,0.74,126.15
323638.00,0.55,125.25
323840.00,-0.01,125.65
324041.00,0.55,125.19
324242.00,-0.76,125.92
324443.00,0.17,125.78
324644.00,-0.01,126.42
324845.00,-0.57,124.77
325046.00,-0.01,125.12
325248.00,0.74,124.74
325449.00,0.17,125.20
325650.00,0.55,123.40
325851.00,1.11,125.16
326052.00,0.36,125.64
326253.00,0.36,124.67
326454.00,0.36,126.16
326656.00,0.93,123.69
326857.00,0.93,125.01
327058.00,-0.39,124.87
327259.00,-0.95,125.45
327460.00,-0.39,125.56
327661.00,-0.01,125.05
327862.00,0.55,125.62
328064.00,0.36,125.30
328265.00,0.74,125.35
328466.00,0.74,123.60
328667.00,0.36,124.83
328868.00,-0.01,125.61
329069.00,0.93,125.31
329270.00,0.17,125.23
329472.00,0.17,124.69
329673.00,-0.20,125.15
329874.00,-0.20,125.00
330075.00,-0.57,125.85
330276.00,-0.01,124.67
330477.00,0.36,125.23
330678.00,-0.01,125.77
330880.00,1.68,124.65
331081.00,0.74,125.72
331282.00,0.17,124.49
331483.00,-0.01,125.70
331684.00,-0.01,125.48
331885.00,-0.01,124.47
332086.00,0.17,125.13
332288.00,-0.01,125.19
332489.00,-0.39,125.93
332690.00,-0.39,125.57
332891.00,-0.39,124.65
333092.00,-0.20,124.38
333293.00,0.55,124.08
333494.00,0.36,125.29
333696.00,0.36,124.55
333897.00,0.74,125.09
334098.00,0.55,125.72
334299.00,0.74,125.92
334500.00,-0.01,125.71
334701.00,-0.76,124.75
334902.00,0.55,125.29
335104.00,-0.20,125.68
335305.00,-0.20,125.29
335506.00,-0.39,125.10
335707.00,-0.76,125.84
335908.00,0.74,125.18
336109.00,0.93,124.44
336310.00,0.93,124.97
336512.00,0.36,124.83
336713.00,1.11,125.70
336914.00,1.30,125.07
337115.00,1.68,124.66
337316.00,-0.01,125.99
337517.00,0.36,124.12
337718.00,-1.14,125.34
337920.00,0.36,124.68
338121.00,0.36,125.12
338322.00,-0.57,125.87
338523.00,-0.39,125.96
338724.00,0.17,125.30
338925.00,0.93,124.83
339126.00,0.17,125.07
339328.00,1.68,123.79
339529.00,0.93,124.54
339730.00,0.93,125.37
339931.00,1.11,125.13
340132.00,0.17,125.32
340333.00,-0.20,125.62
340534.00,0.36,124.36
340736.00,-0.39,125.10
340937.00,0.55,124.21
341138.00,-0.57,125.37
341339.00,-0.95,124.99
341540.00,0.93,124.15
341741.00,-0.20,125.36
341942.00,-0.20,124.92
342144.00,0.55,124.00
342345.00,0.36,125.65
342546.00,1.49,125.46
342747.00,0.93,124.46
342948.00,-0.20,125.57
343149.00,0.74,125.23
343350.00,-0.20,125.80
343552.00,0.36,125.01
343753.00,0.17,124.61
343954.00,-0.20,124.63
344155.00,-0.39,124.79
344356.00,0.36,125.38
344557.00,-0.01,125.28
344758.00,0.17,125.75
344960.00,0.36,124.67
345161.00,0.17,125.18
345362.00,0.36,124.53
345563.00,1.30,125.63
345764.00,-0.20,124.92
345965.00,0.17,124.12
346166.00,-0.20,125.79
346368.00,0.55,125.15
346569.00,-0.39,125.49
346770.00,-0.57,125.80
346971.00,-0.39,125.40
347172.00,1.30,125.17
347373.00,-0.01,125.46
347574.00,0.55,124.60
347776.00,-0.01,125.46
347977.00,0.93,125.14
348178.00,0.74,125.67
348379.00,1.30,124.94
348580.00,0.17,124.40
348781.00,-0.20,126.04
348982.00,0.17,124.81
349184.00,-0.01,125.79
349385.00,0.17,125.77
349586.00,-0.57,125.44
349787.00,-0.57,125.04
349988.00,1.30,124.36
350189.00,0.55,125.62
350390.00,0.74,124.99
350592.00,-0.01,125.73
350793.00,1.30,125.40
350994.00,0.36,125.80
351195.00,0.55,124.70
351396.00,-0.20,125.39
351597.00,-0.39,125.32
351798.00,1.30,123.55
352000.00,-0.20,125.85
352201.00,0.17,125.91
352402.00,-0.20,124.81
352603.00,-0.57,125.75
352804.00,1.49,125.33
353005.00,1.68,124.99
353206.00,-0.01,125.83
353408.00,0.74,124.58
353609.00,0.55,125.62
353810.00,0.55,124.46
354011.00,0.74,123.82
354212.00,0.55,125.93
354413.00,0.36,125.24
354614.00,-0.76,124.81
354816.00,0.55,126.28
355017.00,-0.20,125.50
355218.00,-0.39,124.84
355419.00,-0.39,125.31
355620.00,1.11,125.24
355821.00,1.30,125.09
356022.00,0.93,124.24
356224.00,1.49,124.75
356425.00,0.17,125.16
356626.00,0.36,124.67
356827.00,0.74,124.30
357028.00,-0.01,125.83
357229.00,0.36,125.65
357430.00,0.36,124.58
357632.00,-0.57,125.05
357833.00,-0.20,125.71
358034.00,-0.39,124.61
358235.00,-0.76,124.34
358436.00,-0.20,124.77
358637.00,1.30,124.81
358838.00,0.74,125.01
359040.00,1.86,124.82
359241.00,-0.01,124.23
359442.00,0.74,124.00
359643.00,0.36,125.16
359844.00,0.17,125.16
360045.00,1.11,125.76
360246.00,0.74,125.78
360448.00,-0.39,124.14
360649.00,-0.20,125.23
360850.00,0.55,125.07
361051.00,-0.20,124.25
361252.00,-0.01,125.55
361453.00,-0.01,125.04
361654.00,0.74,125.10
361856.00,-0.20,125.61
362057.00,1.30,124.54
362258.00,0.17,124.73
362459.00,0.93,125.36
362660.00,0.74,124.41
362861.00,0.36,125.25
363062.00,0.17,125.43
363264.00,-0.39,125.36
363465.00,0.74,123.67
363666.00,-0.95,123.87
363867.00,-0.20,125.13
364068.00,-0.39,124.68
364269.00,-0.20,124.67
364470.00,-0.20,126.31
364672.00,0.74,125.50
364873.00,0.17,125.61
365074.00,1.49,124.20
365275.00,0.55,123.96
365476.00,0.36,125.77
365677.00,0.36,125.11
365878.00,-0.01,125.74
366080.00,0.36,125.75
366281.00,0.74,124.25
366482.00,-0.39,125.74
366683.00,-0.39,124.96
366884.00,-0.20,124.44
367085.00,-0.01,125.78
367286.00,0.93,125.67
367488.00,0.17,124.77
367689.00,0.17,125.27
367890.00,0.17,125.09
368091.00,-0.20,125.83
368292.00,0.55,124.53
368493.00,0.17,125.82
368694.00,0.55,124.78
368896.00,-0.01,125.16
369097.00,0.36,124.98
369298.00,0.74,125.94
369499.00,0.17,125.31
369700.00,-0.57,125.66
369901.00,-0.01,124.33
370102.00,-0.39,125.16
370304.00,0.93,125.47
370505.00,0.74,124.77
370706.00,-0.01,125.92
370907.00,0.17,125.98
371108.00,1.30,124.66
371309.00,0.55,124.97
371510.00,0.93,125.76
371712.00,1.11,125.19
371913.00,-0.01,125.72
372114.00,-0.20,125.06
372315.00,0.55,125.20
372516.00,-0.57,125.63
372717.00,-0.76,124.18
372918.00,0.17,123.77
373120.00,-0.01,125.16
373321.00,0.36,124.97
373522.00,0.74,124.65
373723.00,0.74,125.29
373924.00,1.11,124.97
374125.00,0.55,124.02
374326.00,0.55,123.80
374528.00,0.17,125.10
374729.00,0.74,125.37
374930.00,-0.01,125.21
375131.00,-0.39,125.57
375332.00,0.17,125.11
375533.00,-0.57,124.22
375734.00,-0.39,124.09
375936.00,0.93,123.90
376137.00,0.17,126.17
376338.00,-0.01,124.91
376539.00,0.36,123.95
376740.00,0.17,126.23
376941.00,0.36,125.51
377142.00,0.55,124.45
377344.00,-0.01,124.90
377545.00,-0.39,124.93
377746.00,0.36,124.65
377947.00,-0.20,125.16
378148.00,-0.01,124.56
378349.00,-0.20,125.17
378550.00,-0.57,125.05
378752.00,-0.20,125.70
378953.00,2.05,124.92
379154.00,-0.20,125.33
379355.00,0.74,125.31
379556.00,0.17,125.23
379757.00,0.36,124.67
379958.00,0.36,124.54
380160.00,0.74,125.21
380361.00,-0.95,125.24
380562.00,-0.39,125.39
380763.00,0.17,126.06
380964.00,0.55,125.02
381165.00,-0.39,125.91
381366.00,-0.57,123.87
381568.00,0.17,124.88
381769.00,0.17,125.61
381970.00,1.11,124.93
382171.00,-0.01,125.24
382372.00,0.93,124.80
382573.00,0.36,125.37
382774.00,0.17,124.15
382976.00,0.36,125.49
383177.00,0.17,124.62
383378.00,-1.14,125.64
383579.00,-1.14,125.59
383780.00,0.36,124.37
383981.00,-0.39,124.39
384182.00,-0.20,122.96
384384.00,-0.39,124.13
384585.00,-0.01,124.46
384786.00,-0.01,124.23
384987.00,1.86,125.42
385188.00,0.74,124.08
385389.00,-0.01,125.05
385590.00,-0.20,124.12
385792.00,0.93,124.78
385993.00,-0.01,125.64
386194.00,-0.20,125.19
386395.00,0.93,124.30
386596.00,0.36,125.96
386797.00,-0.20,125.89
386998.00,-0.95,125.35
387200.00,-0.39,125.59
387401.00,0.36,124.98
387602.00,-0.20,125.15
387803.00,0.55,124.60
388004.00,0.55,125.30
388205.00,1.30,125.14
388406.00,0.74,124.87
388608.00,0.36,125.10
388809.00,0.17,124.69
389010.00,-0.20,125.13
389211.00,-0.01,125.23
389412.00,-0.20,127.47
389613.00,0.55,124.78
389814.00,-0.01,125.60
390016.00,-0.57,124.79
390217.00,-0.01,125.06
390418.00,1.11,125.69
390619.00,1.30,124.72
390820.00,0.36,125.80
391021.00,0.36,124.85
391222.00,-0.01,125.15
391424.00,0.36,124.56
391625.00,0.17,124.73
391826.00,-0.01,126.27
392027.00,0.17,125.16
392228.00,-1.32,124.64
392429.00,0.93,125.69
392630.00,0.93,125.82
392832.00,-0.57,125.55
393033.00,-0.39,123.51
393234.00,0.93,124.63
393435.00,0.17,125.28
393636.00,0.55,125.51
393837.00,1.68,124.46
394038.00,0.74,125.88
394240.00,1.11,124.88
394441.00,0.55,125.36
394642.00,-0.20,125.07
394843.00,-0.20,124.70
395044.00,-0.01,125.73
395245.00,0.36,124.92
395446.00,-0.57,124.97
395648.00,-0.20,125.37
395849.00,-0.39,124.89
396050.00,-0.20,126.03
396251.00,-0.20,125.13
396452.00,0.36,126.04
396653.00,0.74,123.97
396854.00,1.49,124.95
397056.00,1.30,124.72
397257.00,0.74,125.38
397458.00,0.55,125.47
397659.00,0.17,124.55
397860.00,0.17,125.79
398061.00,-0.01,125.66
398262.00,-0.20,124.31
398464.00,-0.57,124.71
398665.00,-0.57,124.12
398866.00,-0.39,124.71
399067.00,0.36,126.36
399268.00,0.36,126.18
399469.00,0.36,124.76
399670.00,0.55,125.28
399872.00,1.30,124.90
400073.00,-0.01,125.99
400274.00,0.17,124.76
400475.00,0.36,124.80
400676.00,0.74,124.83
400877.00,-0.01,125.78
401078.00,-0.20,124.07
401280.00,0.17,124.27
401481.00,-0.39,125.52
401682.00,-0.20,125.30
401883.00,-0.20,124.62
402084.00,0.17,125.72
402285.00,0.74,125.15
